2,1,5,7
6,9,13,17
10,12,13,19
2,17,31,41
13,11,31,37
14,14,31,37
15,18,31,37
4,15,37,47
8,34,37,41
9,12,37,41
14,12,37,43
31,12,37,43
34,9,37,41
12,26,41,47
24,35,41,47
12,24,47,59
20,29,53,59
30,6,53,59
31,45,53,67
40,15,59,61
12,12,61,67
12,20,61,73
27,30,61,67
39,26,61,67
45,27,61,67
46,30,61,67
48,48,61,67
5,54,67,71
7,61,67,73
17,59,67,71
26,66,67,79
28,26,67,73
32,60,67,73
53,4,67,73
56,29,67,79
56,66,67,71
59,53,67,79
66,33,67,73
6,21,71,73
23,30,71,73
26,1,71,73
38,19,71,79
69,39,73,83
6,27,79,83
77,17,79,83
75,10,83,89
12,27,89,103
56,29,89,103
2,65,97,107
3,82,97,101
10,81,97,101
31,80,97,107
34,53,97,101
38,31,97,101
50,50,97,103
53,87,97,107
66,93,97,107
68,92,97,103
70,82,97,107
78,78,97,107
95,74,97,109
1,55,101,109
4,66,101,113
8,38,101,107
16,32,101,109
16,86,101,109
18,99,101,107
42,5,101,113
71,57,101,109
78,8,101,109
81,2,101,109
87,40,101,109
87,61,101,109
88,28,101,109
91,2,101,107
12,41,103,109
24,91,103,109
39,4,103,109
46,63,103,113
55,39,103,109
57,72,103,109
95,1,103,109
62,93,107,109
79,7,107,109
0,91,109,127
23,101,109,113
41,33,109,113
47,108,109,127
21,7,113,131
39,22,113,127
24,46,127,131
49,72,127,139
52,59,127,139
66,94,127,139
79,110,127,139
83,44,127,131
99,59,127,139
112,8,127,139
27,67,131,139
31,103,131,137
85,87,131,137
69,130,137,151
97,48,137,151
29,97,139,157
39,65,139,149
55,108,139,157
61,127,139,151
71,28,139,151
77,98,139,151
85,64,139,149
96,120,139,151
134,9,139,151
29,134,149,151
52,74,149,157
91,106,149,151
94,96,149,157
138,13,149,167
1,120,151,157
3,139,151,163
4,34,151,157
7,45,151,163
7,136,151,163
9,82,151,157
9,137,151,157
11,99,151,157
16,6,151,157
34,130,151,157
35,84,151,157
37,80,151,157
38,49,151,157
39,5,151,167
47,88,151,157
48,58,151,163
60,144,151,163
63,104,151,157
75,20,151,157
100,22,151,157
111,97,151,163
12,33,157,163
12,61,157,163
17,151,157,163
23,32,157,173
42,30,157,163
46,78,157,181
52,5,157,163
54,150,157,173
72,122,157,167
75,129,157,181
106,136,157,163
120,37,157,163
124,25,157,163
147,57,157,163
0,66,163,181
19,100,163,173
25,74,163,173
31,142,163,167
32,84,163,173
35,143,163,173
46,55,163,173
52,111,163,167
53,120,163,179
61,36,163,167
67,71,163,167
67,144,163,173
112,48,163,167
113,56,163,173
140,17,163,181
2,89,167,181
11,71,167,173
22,80,167,179
47,84,167,181
74,28,167,173
120,122,167,181
127,140,167,179
130,17,167,173
134,29,167,191
135,9,167,193
157,128,167,181
2,88,173,181
23,23,173,181
33,33,173,191
61,160,173,181
82,138,173,193
90,153,173,179
121,155,173,179
146,75,173,179
171,55,173,193
15,35,179,193
15,96,179,191
40,84,179,181
43,59,179,191
63,109,179,181
66,103,179,181
91,147,179,199
95,74,179,191
111,106,179,193
137,45,179,197
140,13,179,193
156,154,179,193
157,103,179,199
175,140,179,181
178,117,179,199
1,5,181,199
22,34,181,199
33,61,181,199
39,17,181,193
42,99,181,199
50,54,181,193
62,164,181,193
63,168,181,191
69,125,181,193
71,152,181,193
88,171,181,193
141,152,181,193
4,48,191,197
8,137,191,193
9,35,191,197
9,162,191,197
25,159,191,197
32,53,191,197
39,103,191,197
43,73,191,197
54,87,191,197
58,42,191,211
88,45,191,193
97,141,191,197
107,35,191,199
107,52,191,197
131,90,191,199
154,38,191,197
10,53,193,211
14,100,193,197
29,6,193,197
29,141,193,211
30,144,193,197
53,163,193,199
61,65,193,199
75,138,193,197
107,131,193,199
115,145,193,199
119,31,193,199
120,57,193,199
126,2,193,197
142,107,193,197
148,46,193,199
158,52,193,199
170,130,193,199
176,100,193,199
184,81,193,211
191,130,193,199
192,190,193,211
3,25,197,199
7,42,197,211
21,68,197,199
25,176,197,199
58,127,197,199
60,194,197,211
63,93,197,211
64,18,197,199
79,52,197,199
103,19,197,199
115,92,197,199
142,172,197,211
157,124,197,211
184,120,197,199
0,164,199,211
0,192,199,211
8,50,199,211
41,152,199,211
47,23,199,211
49,122,199,211
62,65,199,211
72,53,199,211
75,120,199,227
85,24,199,211
105,73,199,211
109,169,199,211
129,19,199,211
171,134,199,211
172,122,199,211
2,136,211,229
22,91,211,227
39,176,211,229
87,143,211,229
88,26,211,229
93,1,211,229
130,114,211,223
138,151,211,227
163,143,211,229
171,71,211,233
187,50,211,227
195,109,211,227
208,160,211,223
0,194,223,229
0,205,223,229
8,23,223,239
25,73,223,239
26,154,223,229
30,135,223,229
32,184,223,239
37,219,223,241
42,100,223,233
47,63,223,227
47,196,223,233
71,112,223,241
75,107,223,233
79,178,223,233
81,146,223,229
84,41,223,227
85,172,223,241
88,191,223,233
90,27,223,233
98,143,223,229
112,68,223,229
122,156,223,241
127,104,223,233
147,163,223,233
151,41,223,233
152,218,223,229
153,84,223,239
156,163,223,241
156,203,223,229
165,210,223,233
167,75,223,233
192,2,223,233
195,149,223,229
195,187,223,229
214,70,223,229
3,64,227,241
25,13,227,251
28,23,227,229
53,197,227,233
54,157,227,241
54,215,227,233
70,142,227,239
83,117,227,233
90,104,227,241
102,194,227,229
104,123,227,229
107,137,227,241
115,223,227,239
141,74,227,241
154,163,227,241
160,219,227,241
188,112,227,233
192,8,227,241
194,91,227,239
207,2,227,241
212,79,227,241
225,78,227,241
6,21,229,239
28,73,229,251
35,23,229,251
39,15,229,241
51,100,229,241
54,71,229,251
54,133,229,251
58,217,229,251
62,134,229,251
87,226,229,251
88,4,229,241
97,216,229,239
99,115,229,239
99,132,229,251
101,108,229,241
110,143,229,239
143,157,229,239
153,226,229,241
155,111,229,239
158,53,229,239
164,143,229,257
167,202,229,251
182,67,229,251
210,32,229,239
223,219,229,239
66,66,233,239
75,154,233,263
87,108,233,239
115,54,233,251
227,176,233,241
8,226,239,251
10,134,239,257
11,213,239,251
24,62,239,241
42,141,239,251
60,4,239,251
81,235,239,263
84,212,239,251
97,172,239,241
113,100,239,257
117,142,239,251
149,227,239,251
152,30,239,241
170,120,239,257
179,226,239,251
183,50,239,251
186,72,239,251
192,218,239,241
205,224,239,251
212,197,239,241
226,110,239,241
230,91,239,269
12,179,241,263
26,237,241,263
29,171,241,263
38,86,241,251
44,206,241,269
50,149,241,263
51,185,241,269
72,57,241,263
77,166,241,257
87,124,241,257
126,149,241,263
131,178,241,251
136,133,241,263
142,78,241,251
191,239,241,263
221,237,241,257
222,148,241,269
239,81,241,257
9,25,251,269
16,5,251,271
25,129,251,257
26,59,251,257
47,227,251,277
63,95,251,257
63,99,251,269
74,177,251,269
82,178,251,257
98,90,251,257
118,44,251,257
122,144,251,257
135,9,251,257
145,50,251,257
188,54,251,257
210,159,251,257
236,128,251,257
243,43,251,257
243,99,251,257
17,178,257,263
24,86,257,263
26,34,257,263
37,9,257,271
56,22,257,283
63,187,257,271
67,147,257,263
68,242,257,271
73,219,257,277
78,57,257,271
93,9,257,271
94,154,257,263
126,81,257,271
138,94,257,277
146,107,257,263
148,72,257,271
176,179,257,281
188,191,257,269
193,244,257,281
195,200,257,277
198,165,257,277
201,47,257,263
204,42,257,271
253,18,257,263
254,178,257,271
5,208,263,271
30,216,263,281
33,62,263,269
43,48,263,283
45,12,263,283
47,258,263,271
100,140,263,277
105,214,263,293
107,66,263,269
108,134,263,281
113,124,263,269
125,245,263,283
195,220,263,269
227,40,263,277
243,140,263,281
260,42,263,277
3,116,269,277
25,155,269,283
39,103,269,271
54,82,269,283
64,25,269,271
65,70,269,281
67,131,269,281
70,23,269,271
82,50,269,271
84,5,269,281
88,186,269,277
92,16,269,271
95,106,269,283
99,126,269,271
128,132,269,271
139,171,269,271
160,229,269,277
172,68,269,271
181,256,269,271
199,245,269,281
205,79,269,281
213,105,269,271
216,57,269,281
217,7,269,293
237,164,269,271
246,249,269,281
28,264,271,277
34,251,271,283
41,71,271,283
41,164,271,283
53,127,271,283
57,201,271,277
64,71,271,283
67,157,271,277
81,94,271,277
81,134,271,283
90,253,271,283
112,66,271,283
112,193,271,283
112,225,271,283
119,251,271,283
124,51,271,283
138,143,271,283
147,4,271,283
162,202,271,281
169,235,271,283
174,183,271,283
185,38,271,283
185,229,271,283
193,215,271,293
199,151,271,283
202,93,271,281
224,71,271,283
225,264,271,283
235,170,271,283
241,201,271,277
246,110,271,277
256,25,271,283
264,160,271,277
5,63,277,283
5,237,277,281
14,235,277,281
15,149,277,281
16,229,277,281
42,216,277,281
45,60,277,281
66,90,277,293
82,168,277,281
85,3,277,281
87,25,277,283
100,31,277,283
106,265,277,283
115,191,277,281
126,28,277,283
146,48,277,283
151,27,277,281
154,100,277,281
166,130,277,281
170,74,277,293
195,247,277,293
216,5,277,293
216,32,277,281
217,22,277,283
223,210,277,283
226,36,277,281
230,156,277,281
239,73,277,281
243,31,277,283
244,34,277,281
246,202,277,283
247,70,277,293
250,138,277,283
258,145,277,283
275,233,277,293
21,80,281,307
58,166,281,307
70,270,281,293
84,211,281,283
93,143,281,307
123,191,281,283
128,137,281,283
132,119,281,283
154,95,281,311
158,56,281,311
173,166,281,283
183,185,281,307
187,186,281,307
189,40,281,283
194,242,281,283
261,146,281,293
4,108,283,293
25,280,283,307
64,120,283,293
85,143,283,307
131,131,283,293
150,126,283,311
199,101,283,307
220,250,283,313
250,55,283,313
263,166,283,311
1,220,293,313
37,178,293,313
40,158,293,313
57,83,293,313
81,109,293,313
121,193,293,313
124,56,293,313
148,172,293,313
149,23,293,317
151,171,293,313
208,9,293,313
214,160,293,313
222,161,293,317
235,184,293,313
244,56,293,313
247,88,293,313
254,82,293,313
261,12,293,311
279,189,293,313
283,81,293,311
4,303,307,331
5,88,307,337
8,75,307,331
25,171,307,331
29,70,307,331
39,85,307,331
39,154,307,317
47,108,307,313
53,158,307,317
54,16,307,331
64,194,307,331
68,109,307,317
72,221,307,311
80,183,307,311
98,65,307,311
102,66,307,313
106,190,307,337
108,60,307,331
110,287,307,331
114,137,307,313
116,255,307,337
118,291,307,313
121,217,307,313
122,43,307,331
124,128,307,317
128,237,307,313
135,194,307,317
143,229,307,331
155,271,307,331
169,254,307,337
171,271,307,331
176,173,307,317
183,78,307,313
184,208,307,313
185,127,307,337
190,22,307,331
190,48,307,331
205,147,307,337
211,228,307,313
215,30,307,331
215,222,307,331
217,199,307,331
233,104,307,331
241,49,307,331
250,37,307,331
256,290,307,331
262,159,307,317
265,70,307,311
267,208,307,337
270,196,307,337
274,102,307,331
279,114,307,331
282,249,307,331
283,299,307,331
286,239,307,317
290,105,307,331
293,27,307,331
300,129,307,331
305,108,307,331
7,216,311,317
12,169,311,337
24,240,311,317
28,108,311,337
60,259,311,337
124,93,311,331
145,122,311,337
173,4,311,317
203,123,311,331
252,117,311,337
259,305,311,317
286,289,311,317
2,225,313,331
8,78,313,331
9,98,313,331
32,162,313,331
45,82,313,331
80,165,313,331
87,301,313,331
96,39,313,331
115,117,313,317
116,35,313,331
120,144,313,331
123,283,313,331
127,60,313,331
140,174,313,317
149,172,313,331
158,311,313,337
166,115,313,331
169,300,313,331
172,143,313,331
173,133,313,331
173,230,313,337
195,146,313,331
212,231,313,317
215,82,313,331
218,285,313,317
224,122,313,331
230,87,313,331
239,60,313,331
240,54,313,317
253,135,313,331
259,113,313,331
283,127,313,331
307,68,313,331
307,226,313,337
16,43,317,349
42,168,317,347
48,120,317,337
48,197,317,337
55,267,317,331
59,246,317,331
75,309,317,331
135,61,317,331
138,176,317,331
149,212,317,347
164,174,317,331
211,140,317,337
279,298,317,337
286,235,317,331
292,173,317,347
298,151,317,337
315,295,317,331
1,213,331,349
10,218,331,349
14,310,331,337
22,319,331,349
26,85,331,349
34,110,331,349
38,67,331,337
43,40,331,353
44,318,331,349
65,253,331,337
67,144,331,349
73,133,331,349
74,262,331,353
76,243,331,337
81,321,331,349
85,143,331,349
89,170,331,349
112,27,331,337
113,270,331,349
116,98,331,349
122,98,331,349
139,37,331,353
148,233,331,349
151,19,331,349
157,84,331,349
185,170,331,349
187,105,331,347
188,162,331,337
192,258,331,337
207,84,331,347
217,313,331,347
225,252,331,337
226,323,331,337
233,84,331,349
234,170,331,349
241,327,331,337
247,66,331,347
279,307,331,349
280,247,331,349
292,124,331,347
297,308,331,353
299,95,331,353
309,70,331,337
309,267,331,337
311,269,331,349
313,254,331,337
314,316,331,347
329,174,331,349
26,175,337,349
34,145,337,347
43,96,337,347
87,3,337,347
89,81,337,347
110,221,337,353
117,123,337,349
136,149,337,347
138,328,337,347
184,255,337,347
188,317,337,353
208,147,337,353
236,316,337,347
240,145,337,347
274,265,337,347
301,65,337,349
301,169,337,353
306,189,337,353
322,78,337,347
325,329,337,347
327,310,337,353
43,257,347,353
69,69,347,353
70,193,347,349
94,272,347,353
107,291,347,353
148,110,347,349
176,171,347,353
256,240,347,353
272,286,347,349
336,269,347,353
253,321,349,353
346,346,349,353
