1,6,3,1,"[7, 11, 13]"
9,12,3,2,"[31, 41, 37]"
11,9,3,1,"[47, 53, 43]"
5,54,3,2,"[59, 71, 67]"
42,17,4,3,"[59, 67, 73, 71]"
53,2,3,1,"[59, 71, 83]"
24,45,3,1,"[61, 59, 71]"
33,42,3,1,"[61, 47, 53]"
42,17,3,3,"[67, 73, 71]"
42,17,3,3,"[71, 67, 73]"
37,31,3,1,"[73, 83, 79]"
42,17,3,3,"[73, 71, 67]"
19,7,3,1,"[79, 97, 103]"
48,48,3,2,"[79, 67, 61]"
56,66,3,2,"[79, 71, 67]"
76,56,3,1,"[79, 97, 103]"
13,68,3,1,"[83, 79, 89]"
14,52,3,1,"[83, 89, 103]"
33,72,3,1,"[89, 83, 79]"
50,50,3,2,"[89, 97, 103]"
70,82,3,2,"[89, 97, 107]"
0,7,3,2,"[97, 79, 67]"
8,15,3,3,"[97, 101, 107]"
56,29,3,2,"[97, 103, 89]"
75,10,3,2,"[97, 89, 83]"
87,61,3,2,"[97, 101, 109]"
2,65,3,2,"[101, 97, 107]"
6,79,3,1,"[101, 89, 103]"
8,15,3,3,"[101, 107, 97]"
13,68,4,1,"[101, 83, 79, 89]"
46,63,3,2,"[101, 113, 103]"
74,45,3,3,"[101, 107, 103]"
27,39,3,1,"[103, 97, 107]"
60,47,3,1,"[103, 97, 83]"
74,45,3,3,"[103, 101, 107]"
78,7,3,1,"[103, 107, 101]"
8,15,3,3,"[107, 97, 101]"
59,50,3,1,"[107, 97, 89]"
74,45,3,3,"[107, 103, 101]"
95,74,3,2,"[107, 97, 109]"
49,33,3,1,"[109, 101, 103]"
49,33,3,1,"[113, 101, 103]"
13,29,3,1,"[127, 137, 151]"
41,33,3,2,"[127, 113, 109]"
47,35,3,3,"[131, 149, 139]"
97,23,3,3,"[131, 137, 139]"
29,89,3,1,"[137, 151, 167]"
29,134,3,2,"[137, 149, 151]"
34,130,3,2,"[137, 157, 151]"
63,66,3,1,"[137, 157, 163]"
85,64,3,2,"[137, 139, 149]"
89,11,3,1,"[137, 139, 131]"
91,106,3,2,"[137, 151, 149]"
97,23,3,3,"[137, 139, 131]"
112,8,3,2,"[137, 139, 127]"
47,35,3,3,"[139, 131, 149]"
97,23,3,3,"[139, 131, 137]"
47,35,3,3,"[149, 139, 131]"
72,122,3,2,"[151, 167, 157]"
1,4,3,1,"[157, 151, 163]"
32,49,3,1,"[157, 139, 151]"
74,28,3,2,"[157, 173, 167]"
112,48,3,2,"[157, 167, 163]"
151,147,3,1,"[157, 181, 199]"
156,154,3,2,"[157, 179, 193]"
11,99,3,2,"[163, 157, 151]"
32,42,3,1,"[167, 179, 193]"
77,2,3,1,"[167, 157, 173]"
90,58,3,1,"[167, 193, 199]"
30,120,3,1,"[173, 197, 199]"
127,61,3,1,"[173, 167, 149]"
38,158,3,1,"[179, 199, 211]"
9,57,3,1,"[181, 163, 173]"
71,84,3,3,"[181, 193, 199]"
74,140,3,1,"[181, 179, 173]"
85,111,3,3,"[181, 191, 193]"
90,153,3,2,"[181, 173, 179]"
110,15,3,3,"[181, 191, 199]"
130,17,3,2,"[181, 167, 173]"
134,29,3,2,"[181, 167, 191]"
156,57,3,3,"[181, 199, 193]"
62,164,3,2,"[191, 181, 193]"
69,28,3,1,"[191, 199, 197]"
75,138,3,2,"[191, 197, 193]"
85,111,3,3,"[191, 193, 181]"
110,15,3,3,"[191, 199, 181]"
166,88,3,1,"[191, 181, 179]"
190,136,3,3,"[191, 199, 193]"
13,56,3,3,"[193, 199, 211]"
42,99,3,2,"[193, 181, 199]"
43,73,3,2,"[193, 191, 197]"
63,109,3,2,"[193, 181, 179]"
71,84,3,3,"[193, 199, 181]"
82,130,3,1,"[193, 199, 211]"
85,111,3,3,"[193, 181, 191]"
132,54,3,3,"[193, 199, 197]"
134,29,4,2,"[193, 181, 167, 191]"
150,36,3,1,"[193, 197, 179]"
156,57,3,3,"[193, 181, 199]"
157,124,3,2,"[193, 211, 197]"
190,136,3,3,"[193, 191, 199]"
92,57,3,1,"[197, 211, 223]"
132,54,3,3,"[197, 193, 199]"
171,55,3,2,"[197, 193, 173]"
0,149,3,2,"[199, 211, 241]"
13,56,3,3,"[199, 211, 193]"
14,118,3,1,"[199, 179, 197]"
39,26,3,1,"[199, 193, 191]"
40,121,3,1,"[199, 191, 179]"
71,84,3,3,"[199, 181, 193]"
88,45,3,2,"[199, 193, 191]"
110,15,3,3,"[199, 181, 191]"
117,18,3,1,"[199, 197, 223]"
129,84,3,1,"[199, 211, 193]"
132,54,3,3,"[199, 197, 193]"
135,9,3,2,"[199, 193, 167]"
136,105,3,1,"[199, 181, 157]"
156,57,3,3,"[199, 193, 181]"
190,136,3,3,"[199, 193, 191]"
13,56,3,3,"[211, 193, 199]"
54,71,3,2,"[211, 229, 251]"
69,28,3,1,"[211, 199, 197]"
81,162,3,1,"[211, 223, 199]"
86,48,3,1,"[211, 227, 229]"
98,143,3,2,"[211, 223, 229]"
195,149,3,2,"[211, 223, 229]"
26,44,3,1,"[223, 229, 233]"
115,92,3,2,"[223, 197, 199]"
137,49,3,1,"[223, 241, 229]"
173,128,3,3,"[223, 233, 239]"
181,190,3,1,"[223, 241, 227]"
192,8,3,2,"[223, 241, 227]"
77,166,3,2,"[227, 241, 257]"
18,53,3,1,"[229, 241, 257]"
60,4,3,2,"[229, 239, 251]"
77,128,3,1,"[229, 239, 211]"
84,90,3,1,"[229, 227, 211]"
105,163,3,1,"[229, 227, 211]"
149,58,3,1,"[229, 241, 239]"
199,203,3,1,"[229, 241, 251]"
128,200,3,1,"[233, 263, 277]"
173,128,3,3,"[233, 239, 223]"
1,16,3,2,"[239, 257, 251]"
19,96,3,1,"[239, 251, 229]"
28,23,3,2,"[239, 227, 229]"
86,48,4,1,"[239, 211, 227, 229]"
115,64,3,1,"[239, 229, 223]"
131,81,3,3,"[239, 251, 257]"
138,33,3,1,"[239, 227, 223]"
173,128,3,3,"[239, 223, 233]"
195,187,3,2,"[239, 229, 223]"
0,22,3,2,"[241, 211, 199]"
0,110,3,2,"[241, 211, 199]"
31,230,3,1,"[241, 257, 271]"
55,171,4,1,"[241, 263, 283, 277]"
84,90,4,1,"[241, 229, 227, 211]"
110,143,3,2,"[241, 229, 239]"
115,64,4,1,"[241, 239, 229, 223]"
122,224,3,3,"[241, 271, 263]"
179,226,3,2,"[241, 239, 251]"
211,226,3,3,"[241, 257, 251]"
3,116,3,2,"[251, 269, 277]"
5,208,3,2,"[251, 271, 263]"
30,135,3,2,"[251, 229, 223]"
77,128,3,1,"[251, 239, 211]"
92,29,3,1,"[251, 239, 241]"
94,102,3,1,"[251, 241, 257]"
131,81,3,3,"[251, 257, 239]"
132,6,3,1,"[251, 223, 197]"
140,159,3,1,"[251, 239, 241]"
148,72,3,2,"[251, 257, 271]"
207,242,3,1,"[251, 269, 293]"
211,226,3,3,"[251, 241, 257]"
246,110,3,2,"[251, 277, 271]"
66,90,3,2,"[257, 277, 293]"
82,50,3,2,"[257, 271, 269]"
99,126,3,2,"[257, 269, 271]"
131,81,3,3,"[257, 239, 251]"
179,141,4,3,"[257, 271, 277, 283]"
211,226,3,3,"[257, 251, 241]"
216,32,3,2,"[257, 281, 277]"
227,40,3,2,"[257, 277, 263]"
1,220,3,2,"[263, 293, 313]"
55,171,3,1,"[263, 283, 277]"
90,253,3,2,"[263, 283, 271]"
117,142,3,2,"[263, 251, 239]"
122,224,3,3,"[263, 241, 271]"
124,26,3,3,"[263, 269, 277]"
127,87,3,1,"[263, 283, 313]"
193,244,3,2,"[263, 281, 257]"
194,242,3,2,"[263, 283, 281]"
212,188,3,1,"[263, 269, 271]"
239,81,3,2,"[263, 257, 241]"
248,9,3,3,"[263, 277, 271]"
5,208,3,2,"[269, 271, 263]"
16,168,3,1,"[269, 271, 257]"
26,34,3,2,"[269, 263, 257]"
58,166,3,2,"[269, 281, 307]"
93,143,3,2,"[269, 281, 307]"
124,26,3,3,"[269, 277, 263]"
247,70,3,2,"[269, 277, 293]"
25,129,3,2,"[271, 257, 251]"
82,178,3,2,"[271, 257, 251]"
83,39,3,3,"[271, 277, 293]"
122,224,3,3,"[271, 263, 241]"
127,87,4,1,"[271, 263, 283, 313]"
179,141,3,3,"[271, 277, 283]"
223,210,3,2,"[271, 283, 277]"
248,9,3,3,"[271, 263, 277]"
26,59,3,2,"[277, 257, 251]"
36,235,3,1,"[277, 283, 271]"
82,50,3,2,"[277, 271, 269]"
83,39,3,3,"[277, 293, 271]"
124,26,3,3,"[277, 263, 269]"
137,126,3,1,"[277, 251, 239]"
145,50,3,2,"[277, 251, 257]"
179,141,3,3,"[277, 283, 271]"
188,191,3,2,"[277, 269, 257]"
201,10,3,1,"[277, 307, 317]"
222,161,3,2,"[277, 293, 317]"
230,91,3,2,"[277, 269, 239]"
237,164,3,2,"[277, 271, 269]"
243,140,3,2,"[277, 263, 281]"
248,9,3,3,"[277, 271, 263]"
268,38,3,1,"[277, 283, 313]"
270,202,3,1,"[277, 307, 313]"
41,164,3,2,"[281, 283, 271]"
106,265,3,2,"[281, 283, 277]"
118,20,3,1,"[281, 311, 283]"
206,174,3,1,"[281, 257, 241]"
223,9,3,1,"[281, 271, 257]"
225,86,3,1,"[281, 283, 271]"
225,264,3,2,"[281, 271, 283]"
261,114,3,1,"[281, 271, 269]"
16,168,3,1,"[283, 271, 257]"
26,132,3,1,"[283, 251, 229]"
46,199,4,3,"[283, 307, 331, 313]"
47,227,3,2,"[283, 277, 251]"
59,166,3,1,"[283, 277, 257]"
67,157,3,2,"[283, 277, 271]"
124,276,3,1,"[283, 293, 311]"
158,56,3,2,"[283, 281, 311]"
175,13,3,1,"[283, 269, 263]"
179,141,3,3,"[283, 271, 277]"
182,153,3,1,"[283, 263, 241]"
189,205,3,1,"[283, 251, 257]"
226,36,3,2,"[283, 277, 281]"
261,12,3,2,"[283, 311, 293]"
270,117,3,1,"[283, 307, 293]"
25,155,3,2,"[293, 283, 269]"
31,190,3,1,"[293, 317, 311]"
45,60,3,2,"[293, 281, 277]"
83,39,3,3,"[293, 271, 277]"
161,211,3,1,"[293, 311, 307]"
202,226,3,1,"[293, 313, 307]"
252,182,3,1,"[293, 313, 317]"
4,34,3,1,"[307, 317, 331]"
41,176,3,3,"[307, 331, 337]"
46,199,3,3,"[307, 331, 313]"
67,131,3,2,"[307, 281, 269]"
139,162,3,1,"[307, 317, 331]"
139,217,3,1,"[307, 281, 257]"
222,161,4,2,"[307, 277, 293, 317]"
263,6,3,3,"[307, 331, 317]"
280,271,3,1,"[307, 331, 313]"
283,81,4,2,"[307, 313, 311, 293]"
207,125,3,1,"[311, 283, 307]"
212,231,3,2,"[311, 313, 317]"
230,272,3,1,"[311, 281, 277]"
297,308,3,2,"[311, 331, 353]"
40,84,3,1,"[313, 311, 317]"
40,123,3,1,"[313, 331, 317]"
46,88,3,1,"[313, 293, 317]"
46,199,3,3,"[313, 307, 331]"
64,194,3,2,"[313, 307, 331]"
84,211,3,2,"[313, 283, 281]"
122,43,3,2,"[313, 331, 307]"
129,270,3,1,"[313, 331, 337]"
152,87,3,1,"[313, 331, 349]"
196,306,3,1,"[313, 331, 349]"
248,35,3,1,"[313, 283, 269]"
283,81,3,2,"[313, 311, 293]"
292,124,3,2,"[313, 331, 347]"
2,260,3,1,"[317, 331, 307]"
29,276,3,1,"[317, 311, 331]"
43,257,3,2,"[317, 347, 353]"
44,66,3,1,"[317, 331, 347]"
74,262,3,2,"[317, 331, 353]"
89,170,3,2,"[317, 331, 349]"
114,137,3,2,"[317, 307, 313]"
133,230,3,1,"[317, 283, 271]"
136,109,3,1,"[317, 349, 313]"
153,68,3,1,"[317, 307, 313]"
165,35,3,1,"[317, 331, 313]"
217,52,3,1,"[317, 347, 337]"
256,240,3,2,"[317, 347, 353]"
263,6,3,3,"[317, 307, 331]"
275,233,3,2,"[317, 293, 277]"
40,158,3,2,"[331, 313, 293]"
41,176,3,3,"[331, 337, 307]"
46,199,3,3,"[331, 313, 307]"
48,235,3,1,"[331, 317, 283]"
61,111,3,1,"[331, 349, 337]"
67,131,4,2,"[331, 307, 281, 269]"
72,221,3,2,"[331, 307, 311]"
120,29,3,3,"[331, 349, 337]"
124,56,3,2,"[331, 313, 293]"
230,134,3,1,"[331, 349, 337]"
263,6,3,3,"[331, 317, 307]"
279,189,3,2,"[331, 313, 293]"
301,65,3,2,"[331, 337, 349]"
41,176,3,3,"[337, 307, 331]"
90,210,3,1,"[337, 307, 331]"
120,29,3,3,"[337, 331, 349]"
158,56,3,2,"[337, 311, 281]"
204,111,3,1,"[337, 313, 317]"
225,114,3,1,"[337, 331, 353]"
241,49,3,2,"[337, 331, 307]"
48,197,3,2,"[347, 317, 337]"
139,37,3,2,"[347, 331, 353]"
253,135,3,2,"[347, 331, 313]"
259,143,3,1,"[347, 331, 349]"
9,98,3,2,"[349, 331, 313]"
77,194,3,1,"[349, 331, 313]"
120,29,3,3,"[349, 337, 331]"
207,306,3,1,"[349, 317, 311]"
219,9,3,1,"[349, 331, 313]"
274,102,3,2,"[349, 331, 307]"
309,267,3,2,"[349, 337, 331]"
43,96,3,2,"[353, 347, 337]"
81,196,3,1,"[353, 347, 349]"
87,3,3,2,"[353, 337, 347]"
233,84,3,2,"[353, 349, 331]"
314,316,3,2,"[353, 331, 347]"
